OSPG_BH, DM115392, 9ED88393B4AC3FFB70B6521E34D88082.jpg, -0.69938, 0.410286, 0.0123584, -0.202942, -0.206004, 0.0490088, -0.0353114, -0.0369935, -0.131689, -0.0512876, 0.0665588
OSPG_BH, DM115392, DB24CCF008430B005EEC90CD5BF87A3B.jpg, 0.310201, 0.640908, 0.0170452, -0.00192322, 0.197295, 0.586163, 0.190242, 0.309234, 0.0127347, 0.395603, 0.0652836
OSPG_BH, DM115392, B20FDBFC4723BA23D6EA8A8100DE879E.jpg, 0.069136, 0.519346, 0.0111572, -0.0675245, 0.00647263, 0.214266, -0.0127914, 0.22778, -0.0154283, 0.157689, 0.0470823
OSPG_BH, DM115392, 8125786C31790AAABBFAAC20F61B918F.jpg, 0.174728, 0.607195, 0.0327884, -0.0441667, 0.184671, 0.486846, 0.101904, 0.25794, -0.0195584, 0.276857, 0.0796279
OSPG_BH, DM115392, 8A04BE3E103FE46523FEBA7109774D0D.jpg, 0.400869, 0.61988, 0.0329882, 0.0136262, 0.187297, 0.427875, 0.111086, 0.293592, 0.0382237, 0.183632, 0.0693605
OSPG_BH, DM115392, 7AF107B937A14D204ABA2F86D72034AF.jpg, 0.332639, 0.639777, 0.022912, 0.0111202, 0.212235, 0.522781, 0.113706, 0.269275, 0.000524955, 0.29452, 0.0576984
OSPG_BH, DM115392, D7B074D3D3B85FB74C3643402F1268A5.jpg, 0.0153405, 0.54155, 0.000553383, -0.0673079, 0.0901522, 0.315372, 0.13373, 0.198509, -0.0318748, 0.16018, 0.04276
OSPG_BH, DM115392, 578B9A36030F0ECEFFC4B3DDF53C1E47.jpg, 0.276668, 0.594627, 0.0307339, -0.0318065, 0.101401, 0.68329, 0.0641862, 0.253873, 0.0122475, 0.102861, 0.0580015
OSPG_BH, DM115377, C1D751EF44E57690ADF91144D90F67FC.jpg, -0.154381, 0.580976, 0.0264465, -0.0734062, -0.0644154, 0.127905, 0.068914, 0.144631, -0.0346865, -0.0857412, 0.0729975
OSPG_BH, DM115377, 1337E08C75C0CFD8A16AB673A595D98C.jpg, 0.419103, 0.657167, 0.0371978, 0.0235147, 0.221652, 0.52296, 0.123798, 0.337853, 0.0425488, 0.216129, 0.0737958
OSPG_BH, DM115377, F2FF717CCDC43789B56102B8BDE5D54F.jpg, -0.100657, 0.508641, 0.0211422, -0.0943741, -0.0149715, 0.154213, 0.00128761, 0.181377, -0.035392, 0.0180935, 0.0666373
OSPG_BH, DM115377, B2C6DE3F169FA577CD83DCFD27A3F76C.jpg, 0.345078, 0.612595, 0.0279414, -0.0118681, 0.203427, 0.410911, 0.0333498, 0.329998, 0.0266051, 0.325041, 0.0609338
OSPG_BH, DM115377, 0F6CFD95729A38D622963D3D8CDA9D60.jpg, -0.149384, 0.501514, 0.011184, -0.0831082, 0.0198454, 0.16224, -0.0356654, 0.181622, -0.0465188, 0.0880243, 0.0392857
OSPG_BH, DM115377, 6231DA1DE1C112C0BBF36B7B54C0D46B.jpg, 0.148528, 0.593995, 0.0305532, -0.0311521, 0.023178, 0.292634, 0.105557, 0.222391, 0.00782961, -0.00833358, 0.0667823
OSPG_BH, DM115377, 91061C96BEECB0C77BD4808FAE7D38FA.jpg, 0.00659116, 0.520516, 0.0117698, -0.0896316, -0.0683555, 0.57468, 0.0490716, 0.108834, -0.0433718, -0.0474527, 0.0291231
OSPG_BH, DM116096, FE608BE740D30A8D4B4D8CCB80A49EE7.jpg, 0.569562, 0.584054, 0.0441977, 0.00807927, 0.185846, 0.486247, -0.00217684, 0.382989, 0.0808478, 0.255738, 0.0916632
OSPG_BH, DM116096, B60CD33D81D67ED0F5C32F8F1266469C.jpg, -0.0142303, 0.580014, 0.0306189, -0.0502117, -0.000968242, 0.227475, 0.0488248, 0.23246, -0.0217451, -0.044451, 0.0720438
OSPG_BH, DM116096, D86486FF89365574A2E7893DA85EB0FB.jpg, 0.391835, 0.725602, 0.0452723, 0.0419814, 0.189592, 0.475555, 0.236333, 0.384917, 0.0485708, 0.102314, 0.0811621
OSPG_BH, DM116096, 46F498280627A464BD3EAE74B3603F47.jpg, 0.36093, 0.705596, 0.0485324, 0.0212842, 0.156402, 0.477873, 0.231646, 0.429507, 0.0532408, 0.295577, 0.0815169
OSPG_BH, DM116096, 38EC48F9718A3DA738AEB349CEA0A0CA.jpg, -0.69724, 0.375668, 0.0117094, -0.236979, -0.232683, 0.212499, -0.0514064, -0.0410723, -0.137098, -0.036019, 0.0774247
OSPG_BH, DM115379, 308D8721C6925EFB69174DD69E662DA3.jpg, 0.17401, 0.510591, 0.0157885, -0.0779072, 0.00474458, 0.241906, -0.0201718, 0.203161, -0.00774346, 0.230388, 0.0546461
OSPG_BH, DM115379, BD10FBA4832B1AC85F4058EE400BDCC0.jpg, -0.0389921, 0.53964, 0.0232284, -0.104308, -0.0248456, 0.307001, 0.0242911, 0.175646, -0.0433521, 0.221962, 0.0578608
OSPG_BH, DM115379, 47861B72F6CB00CADCD0492FD5FDC62D.jpg, 0.427718, 0.711442, 0.0484562, 0.0555715, 0.362516, 0.438487, 0.133911, 0.303999, 0.0250363, 0.200674, 0.0973909
OSPG_BH, DM115379, A48AC660BB7F5179B5A53FFD4273CA78.jpg, -0.564339, 0.469621, 0.00485217, -0.149178, -0.190963, -0.0313905, -0.0355518, 0.0318384, -0.104993, -0.0605186, 0.0348247
OSPG_BH, DM115378, 1DE92A319D19827A5BBBE19AA56F369D.jpg, -0.869607, 0.406684, 0.0017047, -0.200022, -0.351208, -0.126936, -0.148313, -0.0820352, -0.159444, -0.130853, 0.0202569
OSPG_BH, DM115378, A947BC6CB97EECED4676C7C831DD4D2C.jpg, -0.346519, 0.422764, 0.0274561, -0.20803, -0.139309, 0.315917, -0.0188666, 0.0668843, -0.100156, 0.128006, 0.095444
OSPG_BH, DM115378, D2506B5D1F434A6E04E7090534EDFE8B.jpg, -0.0983172, 0.531367, 0.0249845, -0.095459, -0.0743778, 0.284033, 0.0529012, 0.137293, -0.0459299, 0.0460313, 0.059738
OSPG_BH, DM115378, 097E1195DC6716567FF58CD064E4FD19.jpg, -0.531558, 0.486261, 0.0144258, -0.135365, -0.311385, 0.109495, 0.0382645, -0.0205776, -0.0974573, -0.215914, 0.0323966
OSPG_BH, DM115378, 2D4CEB21884342BB31BBBBF8DA81A91D.jpg, -0.218942, 0.503833, 0.00121809, -0.0876531, -0.0607624, 0.251532, 0.042036, 0.102901, -0.0594844, -0.0200802, 0.0250481
OSPG_BH, DM115378, 07ABBD96E9813A17407A598C27018E55.jpg, -0.257349, 0.533251, 0.0220318, -0.112145, -0.0745486, 0.395813, -0.0437309, 0.0802234, -0.0951669, 0.0681494, 0.0332179
OSPG_BH, DM115378, 64633290DC972D2C7731388430001FF7.jpg, -0.768743, 0.460341, 0.00873804, -0.180808, -0.311548, 0.0644269, -0.10657, -0.0565199, -0.152793, -0.0978918, 0.0178014
OSPG_BH, DM115378, D8DCD2913F8BCDBCBD68342CE15CBE68.jpg, -0.273799, 0.57351, 0.0285756, -0.0928791, -0.120027, 0.0771104, -0.0475641, 0.124678, -0.0769203, 0.0710135, 0.0569324
OSPG_BH, DM115378, BB7BE46D660087CFC8E3C9F7EB5329BD.jpg, -0.287998, 0.476728, 0.0105537, -0.130819, -0.20459, 0.255957, -0.0199682, 0.0858825, -0.0586491, -0.100406, 0.0302715
OSPG_BH, DM115378, 8CAB69BF375B86B5E4B565594BBD055A.jpg, -0.0126334, 0.525862, 0.0197566, -0.0902723, -0.0740185, 0.536943, 0.0124108, 0.150951, -0.0362707, 0.000333995, 0.0366204
OSPG_BH, DM115378, 9B47A57497B3C85F0DD412C849037C6D.jpg, -0.692857, 0.465614, 0.0100081, -0.163624, -0.286868, -0.0873195, -0.0983479, -0.0267701, -0.1323, -0.097202, 0.0349108
OSPG_BH, DM115378, B4AC8FDE20C4A15A0E2D0DF2088F47C5.jpg, -0.389671, 0.467799, 0.00881247, -0.132789, -0.185183, 0.0243043, -0.0558485, 0.0530239, -0.0814643, -0.0506771, 0.0480177
OSPG_BH, DM115378, B0E69062397492ADA7CE8198FB719131.jpg, -0.416642, 0.473103, 0.0108618, -0.123405, -0.0866704, 0.0240658, -0.00756603, 0.0913352, -0.0797736, -0.0759866, 0.0576514
OSPG_BH, DM115378, A1156A5C34D8F4EA47116B6F916E9243.jpg, -0.708097, 0.449346, 0.00680058, -0.177525, -0.317336, -0.0596315, -0.116781, -0.0294917, -0.140194, -0.0723906, 0.0295171
OSPG_BH, DM115378, 2DD210091740163F7F107CF7CC4EFEAE.jpg, -0.677826, 0.496632, 0.021008, -0.14539, -0.267727, -0.20837, -0.112069, 0.0150969, -0.117053, -0.140365, 0.0489299
OSPG_BH, DM115378, F1AB11FF322ECE92B33BFC88B806CF30.jpg, -0.219628, 0.49935, 0.00754869, -0.118084, -0.114106, 0.2197, 0.0414998, 0.0871762, -0.0622638, -0.0508444, 0.0366054
OSPG_BH, DM115378, 7D8E14D5E28614ADCD5C3E1239BC9A60.jpg, -0.305655, 0.501414, 0.00412615, -0.106757, -0.0482658, 0.0214514, 0.0393226, 0.133566, -0.0678057, 0.0932619, 0.0527712
OSPG_BH, DM115874, 817A4BC62D21B03C051850FB5C76EE09.jpg, 0.481007, 0.582409, 0.0457139, -0.0453218, 0.0889057, 0.439508, -0.054363, 0.317553, 0.039115, 0.405988, 0.0767818
OSPG_BH, DM115874, E318E191E243F6DF3A720D2F83BBFF0F.jpg, 0.132236, 0.588464, 0.0413802, -0.0297396, 0.102568, 0.290513, 0.038244, 0.305034, 0.020087, -0.024063, 0.0954488
OSPG_BH, DM115874, 016A42E4B2C307F095A9F69FEBFDFA25.jpg, -0.00180319, 0.604324, 0.0315249, -0.0343101, 0.106818, 0.0692154, 0.0317015, 0.304359, -0.0053932, 0.0636591, 0.102308
OSPG_BH, DM115874, 10D9B57530679CBFAC82C085BA6393D7.jpg, 0.134502, 0.565266, 0.0307917, -0.0300511, 0.118511, 0.398606, -0.00121686, 0.282861, -0.00357696, 0.0712738, 0.0652815
OSPG_BH, DM115874, 0380F7FC1FA423EA72C406395A0DDE29.jpg, 0.13033, 0.592612, 0.0441153, -0.0348769, 0.0871647, 0.321194, 0.0284551, 0.256744, -0.0092156, 0.0910529, 0.0873766
OSPG_BH, DM115388, 9ED88393B4AC3FFB70B6521E34D88082.jpg, -0.69938, 0.410286, 0.0123584, -0.202942, -0.206004, 0.0490088, -0.0353114, -0.0369935, -0.131689, -0.0512876, 0.0665588
OSPG_BH, DM115388, DB24CCF008430B005EEC90CD5BF87A3B.jpg, 0.310201, 0.640908, 0.0170452, -0.00192322, 0.197295, 0.586163, 0.190242, 0.309234, 0.0127347, 0.395603, 0.0652836
OSPG_BH, DM115388, B20FDBFC4723BA23D6EA8A8100DE879E.jpg, 0.069136, 0.519346, 0.0111572, -0.0675245, 0.00647263, 0.214266, -0.0127914, 0.22778, -0.0154283, 0.157689, 0.0470823
OSPG_BH, DM115388, 8125786C31790AAABBFAAC20F61B918F.jpg, 0.174728, 0.607195, 0.0327884, -0.0441667, 0.184671, 0.486846, 0.101904, 0.25794, -0.0195584, 0.276857, 0.0796279
OSPG_BH, DM115388, 8A04BE3E103FE46523FEBA7109774D0D.jpg, 0.400869, 0.61988, 0.0329882, 0.0136262, 0.187297, 0.427875, 0.111086, 0.293592, 0.0382237, 0.183632, 0.0693605
OSPG_BH, DM115388, 7AF107B937A14D204ABA2F86D72034AF.jpg, 0.332639, 0.639777, 0.022912, 0.0111202, 0.212235, 0.522781, 0.113706, 0.269275, 0.000524955, 0.29452, 0.0576984
OSPG_BH, DM115388, D7B074D3D3B85FB74C3643402F1268A5.jpg, 0.0153405, 0.54155, 0.000553383, -0.0673079, 0.0901522, 0.315372, 0.13373, 0.198509, -0.0318748, 0.16018, 0.04276
OSPG_BH, DM115388, 578B9A36030F0ECEFFC4B3DDF53C1E47.jpg, 0.276668, 0.594627, 0.0307339, -0.0318065, 0.101401, 0.68329, 0.0641862, 0.253873, 0.0122475, 0.102861, 0.0580015
OSPG_BH, DM115388, 3124BA226554AA7787316BC99B55FCEF.jpg, -0.438588, 0.461733, 0.0274278, -0.184019, -0.14456, 0.170831, -0.0318754, 0.0429459, -0.111856, 0.0450576, 0.0906652
OSPG_BH, DM116623, D814A3D01EFC6E00D95F359392CE5F40.jpg, 0.219327, 0.617308, 0.0363914, -0.0420764, 0.198926, 0.522937, 0.0989657, 0.272105, -0.0162967, 0.322362, 0.0841563
OSPG_BH, DM116623, 3643263BC0BF19486E5D7734C9482185.jpg, -0.622621, 0.387563, 0.0129231, -0.226895, -0.210042, 0.262566, -0.0318812, -0.0230553, -0.127245, -0.00925835, 0.0774201
OSPG_BH, DM116623, AA850BCF5F17F31971CA7B9B48FD2BC7.jpg, 0.589236, 0.739734, 0.0453483, 0.0464076, 0.549189, 0.358806, 0.0886857, 0.535207, 0.0534351, 0.921807, 0.149095
OSPG_BH, DM116623, 763087DA47B5DF1DF723B8F0467F7023.jpg, 0.113922, 0.546049, 0.0150261, -0.0663945, 0.00673804, 0.24635, 0.0685373, 0.210488, -0.00509263, 0.223588, 0.0546625
OSPG_BH, DM116623, B29265A24D219D0BC521D3A8D5CC755F.jpg, 0.197726, 0.600405, 0.0225817, -0.00999868, 0.201134, 0.366251, 0.0508981, 0.291507, 0.00714758, 0.369876, 0.0669168
OSPG_BH, DM116623, F9297A460D7D57E4827261D5DB99E027.jpg, 0.316819, 0.667472, 0.0279026, 0.00595509, 0.178802, 0.400498, 0.251135, 0.328792, 0.0245722, 0.306929, 0.081501
OSPG_BH, DM115896, DA29C5CEC859A9EA8A5C6458633C05AB.jpg, 0.159653, 0.587752, 0.041308, -0.0296967, 0.0940069, 0.312331, 0.0386721, 0.303553, 0.0220725, -0.0261713, 0.0946667
OSPG_BH, DM115896, 817A4BC62D21B03C051850FB5C76EE09.jpg, 0.481007, 0.582409, 0.0457139, -0.0453218, 0.0889057, 0.439508, -0.054363, 0.317553, 0.039115, 0.405988, 0.0767818
OSPG_BH, DM115896, 016A42E4B2C307F095A9F69FEBFDFA25.jpg, -0.00180319, 0.604324, 0.0315249, -0.0343101, 0.106818, 0.0692154, 0.0317015, 0.304359, -0.0053932, 0.0636591, 0.102308
OSPG_BH, DM115896, 10D9B57530679CBFAC82C085BA6393D7.jpg, 0.134502, 0.565266, 0.0307917, -0.0300511, 0.118511, 0.398606, -0.00121686, 0.282861, -0.00357696, 0.0712738, 0.0652815
OSPG_BH, DM115896, 0380F7FC1FA423EA72C406395A0DDE29.jpg, 0.13033, 0.592612, 0.0441153, -0.0348769, 0.0871647, 0.321194, 0.0284551, 0.256744, -0.0092156, 0.0910529, 0.0873766
OSPG_BH, DM115896, A776927E9E4BD2E57A9AC476831CB51B.jpg, -0.476099, 0.42715, 0.0225499, -0.196021, -0.16201, 0.136147, -0.0649033, 0.0142725, -0.119758, 0.0547485, 0.087947
OSPG_BH, DM116099, 0B6D0432F93E90D52507E8708920C0A6.jpg, -0.170924, 0.50065, 0.0242568, -0.0819316, -0.122884, 0.140487, -0.0450938, 0.114209, -0.0418943, -0.199318, 0.058016
OSPG_BH, DM116099, A24422116BD3FD34685EBB63B43278B3.jpg, -0.111798, 0.582687, 0.0112181, -0.0687676, 0.0225135, 0.450933, 0.144734, 0.202036, -0.0524976, 0.229373, 0.0536465
OSPG_BH, DM116099, BBA9CBC8DEF5B4BDB09A8DC0CAB6B6B8.jpg, 0.0977752, 0.577946, 0.0271106, -0.0461961, 0.112068, 0.420151, 0.0696182, 0.254996, -0.00491978, 0.180229, 0.0650762
OSPG_BH, DM116099, 8F2536E31D9BD64A02BA55CA9E773B93.jpg, 0.320594, 0.633593, 0.0120566, -0.00135715, 0.187535, 0.476901, 0.160867, 0.308836, 0.0166698, 0.402545, 0.0655675
OSPG_BH, DM116099, DC77CB4178D67683544CD71DE2499AFD.jpg, 0.0966287, 0.580434, 0.0278923, -0.0369109, 0.0529514, 0.321245, 0.0704225, 0.236126, 0.00567791, -0.0557563, 0.0639343
OSPG_BH, DM116099, BF213A306C0B6FC3A794AD5FE9201FB4.jpg, 0.246077, 0.599151, 0.035146, -0.0430908, 0.274136, 0.458806, 0.0322189, 0.2715, -0.0243131, 0.45221, 0.0964096
OSPG_BH, DM116099, 058E4D2F705059615669843290114881.jpg, 0.167963, 0.577609, 0.003866, -0.0461557, 0.0513765, 0.370263, 0.128744, 0.232818, 0.00183866, 0.236741, 0.0513106
OSPG_BH, DM116099, ECC099B3A107A12AA136BB03F8C69C82.jpg, -0.131205, 0.544579, 0.0106671, -0.0798818, -0.0647852, 0.33815, 0.0599972, 0.127808, -0.0399026, -0.0140278, 0.0260363
OSPG_BH, DM116099, 3AB6B03841D7175A38C3BC577BC27509.jpg, -0.5979, 0.415184, 0.0198485, -0.210784, -0.22718, 0.0975605, -0.0699531, -0.0176547, -0.134575, -0.0046007, 0.0818733
OSPG_BH, DM116099, 24107AC8B2C645F07EEEF552351FA121.jpg, 0.0985192, 0.558425, 0.0309239, -0.050929, -4.7816e-05, 0.434784, 0.0277185, 0.211178, 0.00428982, -0.0442372, 0.0620565
OSPG_BH, DM116099, 180BA86E4DE1DBA6ED7D3218440D380A.jpg, 0.144197, 0.55768, 0.0199772, -0.0538677, 0.0649076, 0.478036, 0.0544046, 0.246004, -0.0120769, 0.0806653, 0.0482389
OSPG_BH, DM116099, B03AF8511B2519B9222FF2B858877F44.jpg, 0.0526424, 0.592405, 0.0214235, -0.0582886, 0.0809544, 0.301125, 0.103359, 0.250944, -0.0136983, 0.239153, 0.0686476
OSPG_BH, DM116088, C1D751EF44E57690ADF91144D90F67FC.jpg, -0.154381, 0.580976, 0.0264465, -0.0734062, -0.0644154, 0.127905, 0.068914, 0.144631, -0.0346865, -0.0857412, 0.0729975
OSPG_BH, DM116088, F2FF717CCDC43789B56102B8BDE5D54F.jpg, -0.100657, 0.508641, 0.0211422, -0.0943741, -0.0149715, 0.154213, 0.00128761, 0.181377, -0.035392, 0.0180935, 0.0666373
OSPG_BH, DM116088, AE3FC22BE84F0F4E72BA0FC2BAD891F2.jpg, 0.39138, 0.65226, 0.0371461, 0.0176687, 0.197817, 0.505217, 0.125621, 0.322644, 0.0389751, 0.186769, 0.0730331
OSPG_BH, DM116088, 8F65A6BBA9454E649A59ACD7ACD482F2.jpg, -0.427023, 0.435601, 0.0222818, -0.190286, -0.157483, 0.148204, -0.0561944, 0.0366647, -0.1105, 0.0742941, 0.0887201
OSPG_BH, DM116088, B2C6DE3F169FA577CD83DCFD27A3F76C.jpg, 0.345078, 0.612595, 0.0279414, -0.0118681, 0.203427, 0.410911, 0.0333498, 0.329998, 0.0266051, 0.325041, 0.0609338
OSPG_BH, DM116088, 0F6CFD95729A38D622963D3D8CDA9D60.jpg, -0.149384, 0.501514, 0.011184, -0.0831082, 0.0198454, 0.16224, -0.0356654, 0.181622, -0.0465188, 0.0880243, 0.0392857
OSPG_BH, DM116088, 6231DA1DE1C112C0BBF36B7B54C0D46B.jpg, 0.148528, 0.593995, 0.0305532, -0.0311521, 0.023178, 0.292634, 0.105557, 0.222391, 0.00782961, -0.00833358, 0.0667823
OSPG_BH, DM116088, 91061C96BEECB0C77BD4808FAE7D38FA.jpg, 0.00659116, 0.520516, 0.0117698, -0.0896316, -0.0683555, 0.57468, 0.0490716, 0.108834, -0.0433718, -0.0474527, 0.0291231
OSPG_BH, DM115878, DA29C5CEC859A9EA8A5C6458633C05AB.jpg, 0.159653, 0.587752, 0.041308, -0.0296967, 0.0940069, 0.312331, 0.0386721, 0.303553, 0.0220725, -0.0261713, 0.0946667
OSPG_BH, DM115878, 817A4BC62D21B03C051850FB5C76EE09.jpg, 0.481007, 0.582409, 0.0457139, -0.0453218, 0.0889057, 0.439508, -0.054363, 0.317553, 0.039115, 0.405988, 0.0767818
OSPG_BH, DM115878, 016A42E4B2C307F095A9F69FEBFDFA25.jpg, -0.00180319, 0.604324, 0.0315249, -0.0343101, 0.106818, 0.0692154, 0.0317015, 0.304359, -0.0053932, 0.0636591, 0.102308
OSPG_BH, DM115878, 10D9B57530679CBFAC82C085BA6393D7.jpg, 0.134502, 0.565266, 0.0307917, -0.0300511, 0.118511, 0.398606, -0.00121686, 0.282861, -0.00357696, 0.0712738, 0.0652815
OSPG_BH, DM115878, 0380F7FC1FA423EA72C406395A0DDE29.jpg, 0.13033, 0.592612, 0.0441153, -0.0348769, 0.0871647, 0.321194, 0.0284551, 0.256744, -0.0092156, 0.0910529, 0.0873766
OSPG_BH, DM115878, A776927E9E4BD2E57A9AC476831CB51B.jpg, -0.476099, 0.42715, 0.0225499, -0.196021, -0.16201, 0.136147, -0.0649033, 0.0142725, -0.119758, 0.0547485, 0.087947
OSPG_BH, DM115412, 9ED88393B4AC3FFB70B6521E34D88082.jpg, -0.69938, 0.410286, 0.0123584, -0.202942, -0.206004, 0.0490088, -0.0353114, -0.0369935, -0.131689, -0.0512876, 0.0665588
OSPG_BH, DM115412, DB24CCF008430B005EEC90CD5BF87A3B.jpg, 0.310201, 0.640908, 0.0170452, -0.00192322, 0.197295, 0.586163, 0.190242, 0.309234, 0.0127347, 0.395603, 0.0652836
OSPG_BH, DM115412, B20FDBFC4723BA23D6EA8A8100DE879E.jpg, 0.069136, 0.519346, 0.0111572, -0.0675245, 0.00647263, 0.214266, -0.0127914, 0.22778, -0.0154283, 0.157689, 0.0470823
OSPG_BH, DM115412, 8125786C31790AAABBFAAC20F61B918F.jpg, 0.174728, 0.607195, 0.0327884, -0.0441667, 0.184671, 0.486846, 0.101904, 0.25794, -0.0195584, 0.276857, 0.0796279
OSPG_BH, DM115412, 8A04BE3E103FE46523FEBA7109774D0D.jpg, 0.400869, 0.61988, 0.0329882, 0.0136262, 0.187297, 0.427875, 0.111086, 0.293592, 0.0382237, 0.183632, 0.0693605
OSPG_BH, DM115412, 7AF107B937A14D204ABA2F86D72034AF.jpg, 0.332639, 0.639777, 0.022912, 0.0111202, 0.212235, 0.522781, 0.113706, 0.269275, 0.000524955, 0.29452, 0.0576984
OSPG_BH, DM115412, D7B074D3D3B85FB74C3643402F1268A5.jpg, 0.0153405, 0.54155, 0.000553383, -0.0673079, 0.0901522, 0.315372, 0.13373, 0.198509, -0.0318748, 0.16018, 0.04276
OSPG_BH, DM115412, 578B9A36030F0ECEFFC4B3DDF53C1E47.jpg, 0.276668, 0.594627, 0.0307339, -0.0318065, 0.101401, 0.68329, 0.0641862, 0.253873, 0.0122475, 0.102861, 0.0580015
OSPG_BH, DM115384, 9ED88393B4AC3FFB70B6521E34D88082.jpg, -0.69938, 0.410286, 0.0123584, -0.202942, -0.206004, 0.0490088, -0.0353114, -0.0369935, -0.131689, -0.0512876, 0.0665588
OSPG_BH, DM115384, DB24CCF008430B005EEC90CD5BF87A3B.jpg, 0.310201, 0.640908, 0.0170452, -0.00192322, 0.197295, 0.586163, 0.190242, 0.309234, 0.0127347, 0.395603, 0.0652836
OSPG_BH, DM115384, B20FDBFC4723BA23D6EA8A8100DE879E.jpg, 0.069136, 0.519346, 0.0111572, -0.0675245, 0.00647263, 0.214266, -0.0127914, 0.22778, -0.0154283, 0.157689, 0.0470823
OSPG_BH, DM115384, 8125786C31790AAABBFAAC20F61B918F.jpg, 0.174728, 0.607195, 0.0327884, -0.0441667, 0.184671, 0.486846, 0.101904, 0.25794, -0.0195584, 0.276857, 0.0796279
OSPG_BH, DM115384, 8A04BE3E103FE46523FEBA7109774D0D.jpg, 0.400869, 0.61988, 0.0329882, 0.0136262, 0.187297, 0.427875, 0.111086, 0.293592, 0.0382237, 0.183632, 0.0693605
OSPG_BH, DM115384, 7AF107B937A14D204ABA2F86D72034AF.jpg, 0.332639, 0.639777, 0.022912, 0.0111202, 0.212235, 0.522781, 0.113706, 0.269275, 0.000524955, 0.29452, 0.0576984
OSPG_BH, DM115384, D7B074D3D3B85FB74C3643402F1268A5.jpg, 0.0153405, 0.54155, 0.000553383, -0.0673079, 0.0901522, 0.315372, 0.13373, 0.198509, -0.0318748, 0.16018, 0.04276
OSPG_BH, DM115384, 578B9A36030F0ECEFFC4B3DDF53C1E47.jpg, 0.276668, 0.594627, 0.0307339, -0.0318065, 0.101401, 0.68329, 0.0641862, 0.253873, 0.0122475, 0.102861, 0.0580015
OSPG_BH, DM116922, 984500DC851411D132B9B6F228F8E518.jpg, 0.184237, 0.617616, 0.00877564, -0.022742, 0.168864, 0.642726, 0.208869, 0.261482, -0.0165589, 0.309766, 0.0408655
OSPG_BH, DM116922, 81649F534CF12747A8E983A81FF0B393.jpg, -0.0546126, 0.479216, 0.00525798, -0.0745694, 0.0272059, 0.238001, -0.0175129, 0.189652, -0.0384589, 0.0506055, 0.0304173
OSPG_BH, DM116922, A93E554162E02D2CB7FFEECAE5E2B41B.jpg, -0.882023, 0.455765, 0.0168027, -0.174585, -0.387284, -0.343441, -0.150391, -0.0622377, -0.142646, -0.239413, 0.0438935
OSPG_BH, DM116922, 6B3CC1D49EE8ECE78DEB56D5F2B20284.jpg, -0.273483, 0.547423, 0.0239462, -0.0938557, -0.0613316, 0.149939, -0.0833404, 0.119854, -0.0818915, 0.0829382, 0.0495061
OSPG_BH, DM116922, 4D35AB545918C8EA69465083CF9A1B51.jpg, -0.361743, 0.519442, 0.0155068, -0.116729, -0.173441, 0.0428006, 0.0206931, 0.0672575, -0.0694916, -0.139312, 0.041334
OSPG_BH, DM116922, 5CD63536DD2C8EA3235E7555E2457F15.jpg, -0.304592, 0.427043, 0.0271339, -0.202984, -0.115328, 0.326825, -0.00804122, 0.0789448, -0.0949844, 0.138858, 0.0975926
OSPG_BH, DM116922, 39025D05F364A24C5402D42A9C9C7EF4.jpg, -0.123291, 0.502704, 0.0109475, -0.087325, -0.0625101, 0.260007, 7.57407e-05, 0.134565, -0.0523877, 0.0594944, 0.0356199
OSPG_BH, DM116922, A19301A993969A6B17FDFEB310F01ED8.jpg, -0.491075, 0.519246, 0.0200766, -0.128207, -0.198666, -0.026726, -0.0894165, 0.0586082, -0.109573, -0.00556726, 0.0483465
OSPG_BH, DM116922, 6FB1DCC7DCC8A827238877D7DB2185CC.jpg, -0.638957, 0.438444, 0.0090529, -0.17291, -0.210319, 0.0218171, -0.118843, -0.00190707, -0.135764, -0.0653766, 0.0257643
OSPG_BH, DM116922, 2F45C57B38EA2D8BA6BC345E37FEBD24.jpg, -0.136168, 0.541421, 0.022246, -0.0870507, -0.131429, 0.150333, 0.0317893, 0.0992917, -0.0378888, -0.0987646, 0.0604875
OSPG_BH, DM116922, 352AFBF1114BCBBDF26C7D352BE57655.jpg, -0.180698, 0.481823, 0.0145473, -0.125551, -0.235501, 0.16516, 0.0145765, 0.0599656, -0.0556094, -0.0600811, 0.0438401
OSPG_BH, DM116922, BB9680CE2F697F0125EBEE702496876B.jpg, -0.846326, 0.457411, 0.00638171, -0.185483, -0.351372, -0.0876217, -0.114047, -0.0649009, -0.160003, -0.113389, 0.0258301
OSPG_BH, DM116922, 244500E6D7EE10EB7BBA1ABC7D6D749F.jpg, -0.186195, 0.548147, 0.0114306, -0.0998309, -0.077909, 0.252239, 0.124209, 0.123576, -0.0651817, -0.0267502, 0.04984
OSPG_BH, DM116922, 659F29FAF4E5613A0300372C487EE1E7.jpg, 0.376518, 0.60911, 0.0349877, -0.00324678, 0.16248, 0.349262, 0.118237, 0.342984, 0.0504362, 0.137849, 0.0791578
OSPG_BH, DM116922, 1FD13C840BEA47B8CA845DA46DDC1869.jpg, -0.0921628, 0.525279, 0.00897291, -0.0897771, -0.0131296, 0.224019, 0.075061, 0.149496, -0.0424052, 0.0566574, 0.0402025
OSPG_BH, DM116922, 2059AFF03773CB6495C7008A7B17E931.jpg, -0.521054, 0.47393, 0.0126783, -0.155281, -0.222663, 0.158356, -0.0889894, 0.000818938, -0.121269, -0.0403626, 0.0291179
OSPG_BH, DM116922, 4E79B59314F44649593EB6B20ADEF35A.jpg, -0.62016, 0.454753, 0.00667286, -0.158521, -0.230114, 0.0374915, -0.0825324, -0.0220689, -0.123506, -0.0954316, 0.0248944
OSPG_BH, DM116092, 984500DC851411D132B9B6F228F8E518.jpg, 0.184237, 0.617616, 0.00877564, -0.022742, 0.168864, 0.642726, 0.208869, 0.261482, -0.0165589, 0.309766, 0.0408655
OSPG_BH, DM116092, 81649F534CF12747A8E983A81FF0B393.jpg, -0.0546126, 0.479216, 0.00525798, -0.0745694, 0.0272059, 0.238001, -0.0175129, 0.189652, -0.0384589, 0.0506055, 0.0304173
OSPG_BH, DM116092, A93E554162E02D2CB7FFEECAE5E2B41B.jpg, -0.882023, 0.455765, 0.0168027, -0.174585, -0.387284, -0.343441, -0.150391, -0.0622377, -0.142646, -0.239413, 0.0438935
OSPG_BH, DM116092, 6B3CC1D49EE8ECE78DEB56D5F2B20284.jpg, -0.273483, 0.547423, 0.0239462, -0.0938557, -0.0613316, 0.149939, -0.0833404, 0.119854, -0.0818915, 0.0829382, 0.0495061
OSPG_BH, DM116092, 4D35AB545918C8EA69465083CF9A1B51.jpg, -0.361743, 0.519442, 0.0155068, -0.116729, -0.173441, 0.0428006, 0.0206931, 0.0672575, -0.0694916, -0.139312, 0.041334
OSPG_BH, DM116092, 5CD63536DD2C8EA3235E7555E2457F15.jpg, -0.304592, 0.427043, 0.0271339, -0.202984, -0.115328, 0.326825, -0.00804122, 0.0789448, -0.0949844, 0.138858, 0.0975926
OSPG_BH, DM116092, 39025D05F364A24C5402D42A9C9C7EF4.jpg, -0.123291, 0.502704, 0.0109475, -0.087325, -0.0625101, 0.260007, 7.57407e-05, 0.134565, -0.0523877, 0.0594944, 0.0356199
OSPG_BH, DM116092, A19301A993969A6B17FDFEB310F01ED8.jpg, -0.491075, 0.519246, 0.0200766, -0.128207, -0.198666, -0.026726, -0.0894165, 0.0586082, -0.109573, -0.00556726, 0.0483465
OSPG_BH, DM116092, 6FB1DCC7DCC8A827238877D7DB2185CC.jpg, -0.638957, 0.438444, 0.0090529, -0.17291, -0.210319, 0.0218171, -0.118843, -0.00190707, -0.135764, -0.0653766, 0.0257643
OSPG_BH, DM116092, 2F45C57B38EA2D8BA6BC345E37FEBD24.jpg, -0.136168, 0.541421, 0.022246, -0.0870507, -0.131429, 0.150333, 0.0317893, 0.0992917, -0.0378888, -0.0987646, 0.0604875
OSPG_BH, DM116092, 352AFBF1114BCBBDF26C7D352BE57655.jpg, -0.180698, 0.481823, 0.0145473, -0.125551, -0.235501, 0.16516, 0.0145765, 0.0599656, -0.0556094, -0.0600811, 0.0438401
OSPG_BH, DM116092, BB9680CE2F697F0125EBEE702496876B.jpg, -0.846326, 0.457411, 0.00638171, -0.185483, -0.351372, -0.0876217, -0.114047, -0.0649009, -0.160003, -0.113389, 0.0258301
OSPG_BH, DM116092, 244500E6D7EE10EB7BBA1ABC7D6D749F.jpg, -0.186195, 0.548147, 0.0114306, -0.0998309, -0.077909, 0.252239, 0.124209, 0.123576, -0.0651817, -0.0267502, 0.04984
OSPG_BH, DM116092, 659F29FAF4E5613A0300372C487EE1E7.jpg, 0.376518, 0.60911, 0.0349877, -0.00324678, 0.16248, 0.349262, 0.118237, 0.342984, 0.0504362, 0.137849, 0.0791578
OSPG_BH, DM116092, 1FD13C840BEA47B8CA845DA46DDC1869.jpg, -0.0921628, 0.525279, 0.00897291, -0.0897771, -0.0131296, 0.224019, 0.075061, 0.149496, -0.0424052, 0.0566574, 0.0402025
OSPG_BH, DM116092, 2059AFF03773CB6495C7008A7B17E931.jpg, -0.521054, 0.47393, 0.0126783, -0.155281, -0.222663, 0.158356, -0.0889894, 0.000818938, -0.121269, -0.0403626, 0.0291179
OSPG_BH, DM116092, 4E79B59314F44649593EB6B20ADEF35A.jpg, -0.62016, 0.454753, 0.00667286, -0.158521, -0.230114, 0.0374915, -0.0825324, -0.0220689, -0.123506, -0.0954316, 0.0248944
OSPG_BH, DM115396, 04ED50CFCD812C1690535D5732E122B6.jpg, -0.330637, 0.485787, 0.0110883, -0.113683, -0.17919, 0.146549, -0.0505028, 0.102971, -0.0608499, -0.14133, 0.0326983
OSPG_BH, DM115396, F3BCFFD1423220D688F6CE49447F23D8.jpg, -0.059061, 0.589702, 0.0175094, -0.0682586, 0.0914761, 0.222183, 0.130413, 0.245747, -0.0209518, 0.302823, 0.0937576
OSPG_BH, DM115396, D79CD94C9E90A41382D76AC54540D6D3.jpg, -0.223548, 0.447755, 1.50502e-05, -0.131368, -0.17052, 0.373548, -0.0431047, 0.0835808, -0.0654108, 0.0337853, -0.00046955
OSPG_BH, DM115396, 365F410035DAF9A41BB42F00C12D0D49.jpg, 0.243144, 0.586918, 0.00643672, -0.0358735, 0.0762197, 0.41017, 0.122977, 0.251721, 0.00999092, 0.265718, 0.0550039
OSPG_BH, DM115396, 32E59D61AF25163082EBE14449863627.jpg, 0.205196, 0.572343, 0.0306338, -0.0527007, 0.0515304, 0.728749, 0.0474477, 0.218397, -0.00191177, 0.0604831, 0.0490314
OSPG_BH, DM115396, 86DF343CC6F12544111FF731C286C9AB.jpg, 0.235071, 0.594683, 0.0342805, -0.0458463, 0.269767, 0.45047, 0.0305009, 0.267386, -0.0258138, 0.45119, 0.0954629
OSPG_BH, DM115396, BA3F49F1F19F015D63E54D7A79F2367A.jpg, -0.0609351, 0.495093, 0.00826822, -0.0734306, 0.0360514, 0.199983, -0.0596471, 0.204129, -0.0435131, 0.162013, 0.0446657
OSPG_BH, DM115396, EE962C2A5085A7E54075D0F77E3B5465.jpg, 0.119988, 0.572696, 0.0268521, -0.0375347, 0.0468515, 0.310318, 0.0575441, 0.243546, 0.0109354, -0.0325051, 0.0626482
OSPG_BH, DM115396, A5250B405350A79D3B5EA757B1C06E8E.jpg, -0.424563, 0.422606, 0.0233712, -0.188495, -0.0929473, 0.166363, -0.0404982, 0.0482896, -0.111572, 0.0751874, 0.0986585
OSPG_BH, DM115396, 5357E34C6767F4F28C26522C7BDF3FD8.jpg, 0.0729216, 0.576831, 0.0157931, -0.0339022, -0.00211792, 0.172721, 0.114536, 0.213395, 0.00352572, -0.113415, 0.0394433
OSPG_BH, DM115396, 0373F0C56EF66F2C03A56F857F0B3E30.jpg, -0.213028, 0.488651, 0.0252089, -0.0882827, -0.177395, 0.103417, -0.0619363, 0.0831815, -0.0478056, -0.243147, 0.0599225
OSPG_BH, DM115396, C47064D42018AC84ADDF4251B6AFE26A.jpg, 0.0112781, 0.521955, 0.0153014, -0.0807991, 0.00565091, 0.227463, -0.00118459, 0.199663, -0.0293367, 0.147534, 0.0596552
OSPG_BH, DM116673, ACBF44321B4C745EFD1F2BAE28DD6BD6.jpg, 0.339642, 0.628123, 0.0288486, -0.0189465, 0.109384, 0.312779, 0.127934, 0.365304, 0.0318234, 0.434749, 0.0938655
OSPG_BH, DM116673, 5988BA8E6ABA0FE7BC8F6655A12C450D.jpg, 0.297495, 0.661722, 0.0332813, -0.00790462, 0.205029, 0.437286, 0.114478, 0.358865, 0.0126588, 0.380458, 0.0819479
OSPG_BH, DM116673, 8564176B765464E54433B384D9A65CDC.jpg, 0.0107077, 0.566966, 0.0163096, -0.0599838, 0.0415022, 0.141931, 0.0946713, 0.263376, -0.0126937, 0.244938, 0.0871102
OSPG_BH, DM116673, B4D2B5EEF4C349AC3816B65B5730EA0E.jpg, -0.614931, 0.384139, 0.0124142, -0.226787, -0.198544, 0.245563, -0.0438897, -0.0202232, -0.126636, -0.00420932, 0.0795437
OSPG_BH, DM116673, AC6BE02FCC4A23CBAEA8804F24FB52CC.jpg, 0.219327, 0.617308, 0.0363914, -0.0420764, 0.198926, 0.522937, 0.0989657, 0.272105, -0.0162967, 0.322362, 0.0841563
OSPG_BH, DM116673, 35EBE20CB38452FE604103FDE60B29C1.jpg, 0.32612, 0.684272, 0.0285702, 0.00643661, 0.272519, 0.473664, 0.228049, 0.418506, 0.0283162, 0.49158, 0.114394
OSPG_BH, DM115381, 04ED50CFCD812C1690535D5732E122B6.jpg, -0.330637, 0.485787, 0.0110883, -0.113683, -0.17919, 0.146549, -0.0505028, 0.102971, -0.0608499, -0.14133, 0.0326983
OSPG_BH, DM115381, D79CD94C9E90A41382D76AC54540D6D3.jpg, -0.223548, 0.447755, 1.50502e-05, -0.131368, -0.17052, 0.373548, -0.0431047, 0.0835808, -0.0654108, 0.0337853, -0.00046955
OSPG_BH, DM115381, 365F410035DAF9A41BB42F00C12D0D49.jpg, 0.243144, 0.586918, 0.00643672, -0.0358735, 0.0762197, 0.41017, 0.122977, 0.251721, 0.00999092, 0.265718, 0.0550039
OSPG_BH, DM115381, 32E59D61AF25163082EBE14449863627.jpg, 0.205196, 0.572343, 0.0306338, -0.0527007, 0.0515304, 0.728749, 0.0474477, 0.218397, -0.00191177, 0.0604831, 0.0490314
OSPG_BH, DM115381, 86DF343CC6F12544111FF731C286C9AB.jpg, 0.235071, 0.594683, 0.0342805, -0.0458463, 0.269767, 0.45047, 0.0305009, 0.267386, -0.0258138, 0.45119, 0.0954629
OSPG_BH, DM115381, BA3F49F1F19F015D63E54D7A79F2367A.jpg, -0.0609351, 0.495093, 0.00826822, -0.0734306, 0.0360514, 0.199983, -0.0596471, 0.204129, -0.0435131, 0.162013, 0.0446657
OSPG_BH, DM115381, 48F9937544147F9EA3913AFDF13CC507.jpg, -0.052513, 0.592253, 0.0169961, -0.0659494, 0.0954413, 0.217311, 0.128309, 0.248423, -0.01901, 0.310872, 0.0928223
OSPG_BH, DM115381, EE962C2A5085A7E54075D0F77E3B5465.jpg, 0.119988, 0.572696, 0.0268521, -0.0375347, 0.0468515, 0.310318, 0.0575441, 0.243546, 0.0109354, -0.0325051, 0.0626482
OSPG_BH, DM115381, 5357E34C6767F4F28C26522C7BDF3FD8.jpg, 0.0729216, 0.576831, 0.0157931, -0.0339022, -0.00211792, 0.172721, 0.114536, 0.213395, 0.00352572, -0.113415, 0.0394433
OSPG_BH, DM115381, 0373F0C56EF66F2C03A56F857F0B3E30.jpg, -0.213028, 0.488651, 0.0252089, -0.0882827, -0.177395, 0.103417, -0.0619363, 0.0831815, -0.0478056, -0.243147, 0.0599225
OSPG_BH, DM115381, C47064D42018AC84ADDF4251B6AFE26A.jpg, 0.0112781, 0.521955, 0.0153014, -0.0807991, 0.00565091, 0.227463, -0.00118459, 0.199663, -0.0293367, 0.147534, 0.0596552
OSPG_BH, DM116091, 0659A4721E51FA2CAF8B1A93773FF278.jpg, -0.627317, 0.38274, 0.0128721, -0.229034, -0.205499, 0.240471, -0.0425127, -0.0235199, -0.12832, -0.00959864, 0.0794227
OSPG_BH, DM116091, ACBF44321B4C745EFD1F2BAE28DD6BD6.jpg, 0.339642, 0.628123, 0.0288486, -0.0189465, 0.109384, 0.312779, 0.127934, 0.365304, 0.0318234, 0.434749, 0.0938655
OSPG_BH, DM116091, 5988BA8E6ABA0FE7BC8F6655A12C450D.jpg, 0.297495, 0.661722, 0.0332813, -0.00790462, 0.205029, 0.437286, 0.114478, 0.358865, 0.0126588, 0.380458, 0.0819479
OSPG_BH, DM116091, 8564176B765464E54433B384D9A65CDC.jpg, 0.0107077, 0.566966, 0.0163096, -0.0599838, 0.0415022, 0.141931, 0.0946713, 0.263376, -0.0126937, 0.244938, 0.0871102
OSPG_BH, DM116091, AC6BE02FCC4A23CBAEA8804F24FB52CC.jpg, 0.219327, 0.617308, 0.0363914, -0.0420764, 0.198926, 0.522937, 0.0989657, 0.272105, -0.0162967, 0.322362, 0.0841563
OSPG_BH, DM116091, 35EBE20CB38452FE604103FDE60B29C1.jpg, 0.32612, 0.684272, 0.0285702, 0.00643661, 0.272519, 0.473664, 0.228049, 0.418506, 0.0283162, 0.49158, 0.114394
OSPG_BH, DM116095, D814A3D01EFC6E00D95F359392CE5F40.jpg, 0.219327, 0.617308, 0.0363914, -0.0420764, 0.198926, 0.522937, 0.0989657, 0.272105, -0.0162967, 0.322362, 0.0841563
OSPG_BH, DM116095, 3643263BC0BF19486E5D7734C9482185.jpg, -0.622621, 0.387563, 0.0129231, -0.226895, -0.210042, 0.262566, -0.0318812, -0.0230553, -0.127245, -0.00925835, 0.0774201
OSPG_BH, DM116095, AA850BCF5F17F31971CA7B9B48FD2BC7.jpg, 0.589236, 0.739734, 0.0453483, 0.0464076, 0.549189, 0.358806, 0.0886857, 0.535207, 0.0534351, 0.921807, 0.149095
OSPG_BH, DM116095, 763087DA47B5DF1DF723B8F0467F7023.jpg, 0.113922, 0.546049, 0.0150261, -0.0663945, 0.00673804, 0.24635, 0.0685373, 0.210488, -0.00509263, 0.223588, 0.0546625
OSPG_BH, DM116095, B29265A24D219D0BC521D3A8D5CC755F.jpg, 0.197726, 0.600405, 0.0225817, -0.00999868, 0.201134, 0.366251, 0.0508981, 0.291507, 0.00714758, 0.369876, 0.0669168
OSPG_BH, DM116095, F9297A460D7D57E4827261D5DB99E027.jpg, 0.316819, 0.667472, 0.0279026, 0.00595509, 0.178802, 0.400498, 0.251135, 0.328792, 0.0245722, 0.306929, 0.081501
OSPG_BH, DM114694, 79E620B6024B2AA435BB773A650F5D5E.jpg, 0.153203, 0.506553, 0.0156306, -0.0828662, -0.00811618, 0.238441, -0.0253332, 0.194052, -0.0108039, 0.223109, 0.0537221
OSPG_BH, DM114694, D863C9FCD6A16546A9A1AD0ED9013E43.jpg, -0.566364, 0.469213, 0.00505891, -0.14953, -0.194002, -0.0242998, -0.0349737, 0.0308747, -0.10522, -0.0663128, 0.0339056
OSPG_BH, DM114694, 47861B72F6CB00CADCD0492FD5FDC62D.jpg, 0.427718, 0.711442, 0.0484562, 0.0555715, 0.362516, 0.438487, 0.133911, 0.303999, 0.0250363, 0.200674, 0.0973909
OSPG_BH, DM114694, 58D19DA0C4EC0977823F13A8CC6CF200.jpg, -0.0121763, 0.551258, 0.0229135, -0.094628, -8.25915e-05, 0.325784, 0.0383004, 0.193972, -0.0376336, 0.229346, 0.0567953
OSPG_BH, DM116622, D814A3D01EFC6E00D95F359392CE5F40.jpg, 0.219327, 0.617308, 0.0363914, -0.0420764, 0.198926, 0.522937, 0.0989657, 0.272105, -0.0162967, 0.322362, 0.0841563
OSPG_BH, DM116622, 3643263BC0BF19486E5D7734C9482185.jpg, -0.622621, 0.387563, 0.0129231, -0.226895, -0.210042, 0.262566, -0.0318812, -0.0230553, -0.127245, -0.00925835, 0.0774201
OSPG_BH, DM116622, AA850BCF5F17F31971CA7B9B48FD2BC7.jpg, 0.589236, 0.739734, 0.0453483, 0.0464076, 0.549189, 0.358806, 0.0886857, 0.535207, 0.0534351, 0.921807, 0.149095
OSPG_BH, DM116622, 763087DA47B5DF1DF723B8F0467F7023.jpg, 0.113922, 0.546049, 0.0150261, -0.0663945, 0.00673804, 0.24635, 0.0685373, 0.210488, -0.00509263, 0.223588, 0.0546625
OSPG_BH, DM116622, B29265A24D219D0BC521D3A8D5CC755F.jpg, 0.197726, 0.600405, 0.0225817, -0.00999868, 0.201134, 0.366251, 0.0508981, 0.291507, 0.00714758, 0.369876, 0.0669168
OSPG_BH, DM116622, F9297A460D7D57E4827261D5DB99E027.jpg, 0.316819, 0.667472, 0.0279026, 0.00595509, 0.178802, 0.400498, 0.251135, 0.328792, 0.0245722, 0.306929, 0.081501
OSPG_BH, DM116427, FE608BE740D30A8D4B4D8CCB80A49EE7.jpg, 0.569562, 0.584054, 0.0441977, 0.00807927, 0.185846, 0.486247, -0.00217684, 0.382989, 0.0808478, 0.255738, 0.0916632
OSPG_BH, DM116427, B60CD33D81D67ED0F5C32F8F1266469C.jpg, -0.0142303, 0.580014, 0.0306189, -0.0502117, -0.000968242, 0.227475, 0.0488248, 0.23246, -0.0217451, -0.044451, 0.0720438
OSPG_BH, DM116427, D86486FF89365574A2E7893DA85EB0FB.jpg, 0.391835, 0.725602, 0.0452723, 0.0419814, 0.189592, 0.475555, 0.236333, 0.384917, 0.0485708, 0.102314, 0.0811621
OSPG_BH, DM116427, 46F498280627A464BD3EAE74B3603F47.jpg, 0.36093, 0.705596, 0.0485324, 0.0212842, 0.156402, 0.477873, 0.231646, 0.429507, 0.0532408, 0.295577, 0.0815169
OSPG_BH, DM116427, 38EC48F9718A3DA738AEB349CEA0A0CA.jpg, -0.69724, 0.375668, 0.0117094, -0.236979, -0.232683, 0.212499, -0.0514064, -0.0410723, -0.137098, -0.036019, 0.0774247
OSPG_BH, DM116090, BE440DBB961E061A35D338419B694CFB.jpg, -0.493473, 0.509103, 0.0172451, -0.139406, -0.210334, 0.211581, -0.0701065, 0.0185399, -0.118434, -0.0337374, 0.027082
OSPG_BH, DM116090, 6EB15B6F2BFA5505D123A26CB66F2D3F.jpg, -0.0152634, 0.586712, 0.0196995, -0.0652506, 0.106491, 0.44762, 0.129549, 0.222293, -0.0348055, 0.299033, 0.0860915
OSPG_BH, DM116090, 894B53164D9D74E700519CD735E41849.jpg, -0.671194, 0.448814, 0.00627799, -0.164267, -0.29236, -0.03287, -0.0897181, -0.0353527, -0.133142, -0.105861, 0.0271708
OSPG_BH, DM116090, F391F7FE3F2C1795873E461058982E11.jpg, -0.388502, 0.449807, 0.00913597, -0.119208, -0.17804, 0.00221704, -0.0485261, 0.0617107, -0.0772662, -0.152181, 0.037994
OSPG_BH, DM116090, 867F2B72B9F4087BAFF3A4E8850DD349.jpg, 0.0602474, 0.554178, 0.00956766, -0.0677996, 0.01991, 0.429484, 0.0743457, 0.216027, -0.0180122, 0.131719, 0.0296645
OSPG_BH, DM116090, 39EE71F37990B634C74B35F88D980341.jpg, -0.562657, 0.448253, 0.00882465, -0.158982, -0.221896, -0.0156321, -0.102594, 0.000115067, -0.121745, -0.0610241, 0.0335329
OSPG_BH, DM116090, B76D3F0442A878D0ABFB094AC1EAECDC.jpg, -0.712685, 0.488032, 0.0201474, -0.151398, -0.283432, -0.222187, -0.117794, 0.00212941, -0.12218, -0.148121, 0.048564
OSPG_BH, DM116090, 85A0055571147B486388B27B2EEA2D63.jpg, -0.455428, 0.491533, 0.0171302, -0.145294, -0.172349, 0.292776, -0.0837895, 0.0202575, -0.120153, -0.0194685, 0.0240128
OSPG_BH, DM116090, A1A95C940232EBCFFE4D1978843E5286.jpg, 0.372211, 0.556782, 0.0223889, -0.0521742, 0.0861836, 0.389307, 0.0129896, 0.242201, 0.0155481, 0.429952, 0.0692245
OSPG_BH, DM116090, 70877F5F193702E239F06258FCAC026A.jpg, 0.297223, 0.638746, 0.0247386, -0.0205378, 0.0574369, 0.766469, 0.193982, 0.234843, -0.00679811, 0.245521, 0.0278505
OSPG_BH, DM116090, EF97171984A7CDBE64961082B25C5767.jpg, -0.0193871, 0.612876, 0.0322619, -0.0530151, 0.0316958, 0.229965, -0.00254169, 0.205492, -0.0455065, 0.163377, 0.0685951
OSPG_BH, DM116090, 7324F951FE82D4E7D8D901214A81D210.jpg, 0.00684828, 0.525427, 0.0227819, -0.0714943, 0.00962973, 0.311981, 0.0388854, 0.181071, -0.028186, 0.0265788, 0.0573185
OSPG_BH, DM116090, 6003FD12269435EA041AC25253CEAEAE.jpg, -0.0198881, 0.532147, 0.0177068, -0.0862471, -0.0335862, 0.301553, 0.058303, 0.155262, -0.0320564, 0.0675776, 0.0576585
OSPG_BH, DM116090, 7EEAAA0B9391D493A3CC1A3BF27ED4FF.jpg, -0.313872, 0.42027, 0.0277522, -0.20903, -0.128044, 0.338328, -0.0178662, 0.0703904, -0.0988796, 0.142501, 0.0978562
OSPG_BH, DM116090, C1200C1E27D11D433A103D55EE662122.jpg, -0.708206, 0.457331, 0.00945072, -0.176108, -0.327363, -0.0677761, -0.121178, -0.0336802, -0.140363, -0.0899313, 0.030504
OSPG_BH, DM116090, CBA9F41B2112DBB1076DB1D608F2F07B.jpg, 0.0990603, 0.556327, 0.01433, -0.0714815, 0.0828776, 0.316279, 0.0609932, 0.270363, -0.00772061, 0.273638, 0.0456587
OSPG_BH, DM116090, 3921FA3C24FC096EDCC6E7FC44097AFF.jpg, -0.128393, 0.460433, 0.00121331, -0.123937, -0.0693902, 0.180033, 0.00094567, 0.132424, -0.0543923, 0.170582, 0.0410393
